id,category,mzungu_message
1,Wants/Needs,"Naomba towel, is that ok kusema hivyo?"
2,Farewell,"Kwaheri teacher, see you next lesson, asante kwa msaada wako!"
3,Shopping,How much ni gari? Naomba unipunguzie.
4,Shopping,"Punguza bei tafadhali, this is my kwanza time hapa."
5,Wants/Needs,"I want soup kidogo, unaweza kunisaidia?"
6,Culture,"I heard 'Karibu' inatumika sana, when exactly tunaitumia?"
7,Farewell,"Tutaonana kesho, is that a correct njia ya kuaga?"
8,Greetings mix,"Shikamoo teacher, how unaendeleaje?"
9,Transport,Basi hili linaenda wapi? I'm confused na maneno mengi.
10,Actions/Verbs,"Nita-walk kesho, is that sentensi sahihi?"
11,Health,"Naomba dawa, is duka la dawa sawa na pharmacy?"
12,Locations,"Nataka kwenda ufukweni, unaweza kunielekeza?"
13,Wants/Needs,"I want banana kidogo, unaweza kunisaidia?"
14,Politeness,"Pole sana kwa kuchelewa, traffic ilikuwa mbaya sana."
15,Locations,How do I get to the mosque? Tafadhali nisaidie kwa maneno sahihi.
16,Small talk,Family yako iko wapi? Is that correct kuuliza hivyo?
17,Greetings mix,"Hujambo! I am nzuri leo, na wewe?"
18,Learning/Classroom,"Ninajifunza Kiswahili but sijui grammar vizuri, help please."
19,Greetings mix,Good morning mwalimu! Habari zenu?
20,Small talk,"Napenda sana chakula cha Kitanzania, especially kuku!"
21,Locations,"Nataka kwenda uwanjani, unaweza kunielekeza?"
22,Learning/Classroom,"Teacher, unaweza kunifundisha kuhusu vivumishi?"
23,Locations,"Nataka kwenda hotelini, unaweza kunielekeza?"
24,Wants/Needs,"Naomba sugar, is that ok kusema hivyo?"
25,Locations,"Nataka kwenda ofisini, unaweza kunielekeza?"
26,Wants/Needs,"Nataka mbuzi, tafadhali, do you have?"
27,Locations,Where is gari? Sielewi jinsi ya kuuliza kwa usahihi.
28,Numbers/Time,Saa ngapi sasa? I always confuse namba za saa.
29,Greetings mix,"Habari za asubuhi, teacher! Ni fine sana leo."
30,Learning/Classroom,How do you say 'fear' kwa Kiswahili sahihi?
31,Greetings mix,"Mambo vipi? I'm doing fine, asante sana!"
32,Learning/Classroom,Unaweza kurudia tena? Sikuelewa neno la mwisho.
33,Shopping,How much ni nanasi? Naomba unipunguzie.
34,Numbers/Time,Leo ni tarehe gani? Sijui jinsi ya kuuliza date sahihi.
35,Greetings mix,"Habari za asubuhi, teacher! Ni excited sana leo."
36,Learning/Classroom,"Teacher, unaweza kunifundisha kuhusu familia?"
37,Transport,Nauli ni bei gani mpaka benki? Please explain kwa taratibu.
38,Locations,"Nataka kwenda stesheni, unaweza kunielekeza?"
39,Actions/Verbs,How do I say 'I want to write' kwa usahihi?
40,Culture,What does 'Hakuna matata' actually maanisha kwa undani?
41,Shopping,Bei gani ya blanketi? It's too expensive kwa mimi.
42,Actions/Verbs,"Ninataka ku-eat nyama, sijui vitenzi vizuri."
43,Wants/Needs,"Naomba table, is that ok kusema hivyo?"
44,Small talk,Unafanya kazi gani? I am curious kujua zaidi kuhusu wewe.
45,Actions/Verbs,"Ninataka ku-drink kiazi, sijui vitenzi vizuri."
46,Numbers/Time,How do I count from one mpaka kumi kwa Kiswahili?
47,Shopping,"Ninataka kununua goat, do you accept mobile money?"
48,Small talk,"Napenda sana chakula cha Kitanzania, especially embe!"
49,Small talk,"Napenda sana chakula cha Kitanzania, especially nanasi!"
50,Health,"My stomach linauma, sijui neno sahihi la 'stomach'."
51,Small talk,"Weather leo ni happy sana, sivyo? Sina uhakika kama nasema sawa."
52,Wants/Needs,"I want goat kidogo, unaweza kunisaidia?"
53,Politeness,"Asante sana teacher, that was very helpful kwangu."
54,Shopping,Bei gani ya mkate? It's too expensive kwa mimi.
55,Greetings mix,"Mambo vipi? I'm doing poa, asante sana!"
56,Learning/Classroom,"Sielewi vizuri, can you explain kwa Kiingereza kidogo?"
57,Shopping,Bei gani ya samaki? It's too expensive kwa mimi.
58,Wants/Needs,"Nataka mafuta, tafadhali, do you have?"
59,Health,"Ninaumwa kidogo, can you tell me jinsi ya kusema hospitalini?"
60,Shopping,"Ninataka kununua soup, do you accept mobile money?"
61,Culture,Ni heshima kufanya nini nikikutana na mzee? Please explain.
62,Learning/Classroom,"Nina swali kuhusu siku za wiki, is now a good time?"
63,Small talk,"Weather leo ni poa, sivyo? Sina uhakika kama nasema sawa."
64,Politeness,"Samahani, I made a mistake, unaweza kunisahihisha?"
65,Small talk,"Ninapenda kiti sana, I really like it too much!"
66,Wants/Needs,"Ninataka ku-buy saa, bei gani?"
67,Locations,Where is kanisa? Sielewi jinsi ya kuuliza kwa usahihi.
68,Locations,Is the hotel karibu au mbali? Sijui tofauti.
69,Locations,Mkahawani iko wapi? Is it far kutoka hapa?
70,Learning/Classroom,"Teacher, unaweza kunifundisha kuhusu maelekezo ya barabara?"
71,Learning/Classroom,"Teacher, unaweza kunifundisha kuhusu hali ya hewa?"
72,Locations,How do I get to home? Tafadhali nisaidie kwa maneno sahihi.
73,Locations,Is the village karibu au mbali? Sijui tofauti.
74,Wants/Needs,Can I get nguo? Sijui kama ni sahihi kusema hivi.
75,Locations,How do I get to the station? Tafadhali nisaidie kwa maneno sahihi.
76,Actions/Verbs,How do I say 'I want to cook' kwa usahihi?
77,Transport,Nauli ni bei gani mpaka mjini? Please explain kwa taratibu.
78,Actions/Verbs,Nili-read/study jana lakini sijui kama nimesema vizuri.
79,Small talk,"Weather leo ni good, sivyo? Sina uhakika kama nasema sawa."
80,Learning/Classroom,"Teacher, unaweza kunifundisha kuhusu salamu?"
81,Actions/Verbs,"Nita-wait kesho, is that sentensi sahihi?"
82,Transport,"Simama hapa, is that the right way ku-stop taxi?"
83,Locations,Where is ufunguo? Sielewi jinsi ya kuuliza kwa usahihi.
84,Shopping,How much ni blanketi? Naomba unipunguzie.
85,Actions/Verbs,Nili-close jana lakini sijui kama nimesema vizuri.
86,Actions/Verbs,"Ninataka ku-pay for simu, sijui vitenzi vizuri."
87,Actions/Verbs,"Ninataka ku-wash nyanya, sijui vitenzi vizuri."
88,Learning/Classroom,"Nina swali kuhusu sarufi ya Kiswahili, is now a good time?"
89,Wants/Needs,"Ninataka ku-buy meza, bei gani?"
90,Shopping,Bei gani ya simu? It's too expensive kwa mimi.
91,Actions/Verbs,"Nita-want kesho, is that sentensi sahihi?"
92,Actions/Verbs,How do I say 'I want to buy' kwa usahihi?
93,Wants/Needs,"Nataka shati, tafadhali, do you have?"
94,Locations,Is the hospital karibu au mbali? Sijui tofauti.
95,Small talk,"Weather leo ni fine, sivyo? Sina uhakika kama nasema sawa."
96,Wants/Needs,"Nataka mkate, tafadhali, do you have?"
97,Small talk,"Ninapenda meza sana, I really like it too much!"
98,Wants/Needs,"Ninataka ku-buy viatu, bei gani?"
99,Locations,Is the bus station karibu au mbali? Sijui tofauti.
100,Shopping,Bei gani ya mbuzi? It's too expensive kwa mimi.
101,Actions/Verbs,How do I say 'I want to open' kwa usahihi?
102,Shopping,How much ni kiazi? Naomba unipunguzie.
103,Actions/Verbs,How do I say 'I want to cry' kwa usahihi?
104,Small talk,"Ninapenda suruali sana, I really like it too much!"
105,Actions/Verbs,How do I say 'I want to close' kwa usahihi?
106,Locations,Where is mwalimu? Sielewi jinsi ya kuuliza kwa usahihi.
107,Shopping,Bei gani ya supu? It's too expensive kwa mimi.
108,Wants/Needs,"Nataka embe, tafadhali, do you have?"
109,Locations,Is home karibu au mbali? Sijui tofauti.
110,Learning/Classroom,"Nina swali kuhusu namba, is now a good time?"
111,Wants/Needs,"I want trousers kidogo, unaweza kunisaidia?"
112,Locations,"Nataka kwenda msikitini, unaweza kunielekeza?"
113,Wants/Needs,"Ninataka ku-buy wali, bei gani?"
114,Actions/Verbs,"Nita-think kesho, is that sentensi sahihi?"
115,Learning/Classroom,How do you say 'soldier' kwa Kiswahili sahihi?
116,Learning/Classroom,"Teacher, unaweza kunifundisha kuhusu sarufi ya Kiswahili?"
117,Wants/Needs,"Ninataka ku-buy kofia, bei gani?"
118,Actions/Verbs,"Ninataka ku-drink supu, sijui vitenzi vizuri."
119,Locations,Benki iko wapi? Is it far kutoka hapa?
120,Shopping,"Naomba risiti, is that neno sahihi?"
121,Learning/Classroom,"Nina swali kuhusu rangi, is now a good time?"
122,Learning/Classroom,"Teacher, unaweza kunifundisha kuhusu utamaduni wa Kitanzania?"
123,Actions/Verbs,"Nita-travel kesho, is that sentensi sahihi?"
124,Transport,Nauli ni bei gani mpaka mkahawani? Please explain kwa taratibu.
125,Locations,Shuleni iko wapi? Is it far kutoka hapa?
126,Shopping,Bei gani ya sabuni? It's too expensive kwa mimi.
127,Wants/Needs,"Naomba bread, is that ok kusema hivyo?"
128,Learning/Classroom,How do you say 'trousers' kwa Kiswahili sahihi?
129,Actions/Verbs,"Nita-understand kesho, is that sentensi sahihi?"
130,Actions/Verbs,"Nita-run kesho, is that sentensi sahihi?"
131,Transport,Nauli ni bei gani mpaka shuleni? Please explain kwa taratibu.
132,Shopping,How much ni nyanya? Naomba unipunguzie.
133,Small talk,"Napenda sana chakula cha Kitanzania, especially wali!"
134,Shopping,Bei gani ya meza? It's too expensive kwa mimi.
135,Locations,"Nataka kwenda sokoni, unaweza kunielekeza?"
136,Actions/Verbs,Nili-love/like jana lakini sijui kama nimesema vizuri.
137,Wants/Needs,"I want chicken kidogo, unaweza kunisaidia?"
138,Transport,Nauli ni bei gani mpaka dukani? Please explain kwa taratibu.
139,Small talk,"Ninapenda nyanya sana, I really like it too much!"
140,Locations,"Nataka kwenda hospitalini, unaweza kunielekeza?"
141,Shopping,"Ninataka kununua car, do you accept mobile money?"
142,Learning/Classroom,How do you say 'electricity' kwa Kiswahili sahihi?
143,Wants/Needs,"I want medicine kidogo, unaweza kunisaidia?"
144,Locations,Mjini iko wapi? Is it far kutoka hapa?
145,Greetings mix,"Hujambo! I am poa leo, na wewe?"
146,Actions/Verbs,"Nita-play kesho, is that sentensi sahihi?"
147,Actions/Verbs,Nili-want jana lakini sijui kama nimesema vizuri.
148,Wants/Needs,"Nataka saa, tafadhali, do you have?"
149,Wants/Needs,"Naomba vegetables, is that ok kusema hivyo?"
150,Wants/Needs,"I want cooking oil kidogo, unaweza kunisaidia?"
151,Locations,Is the bank karibu au mbali? Sijui tofauti.
152,Actions/Verbs,"Ninataka ku-pay for shati, sijui vitenzi vizuri."
153,Shopping,Bei gani ya sukari? It's too expensive kwa mimi.
154,Actions/Verbs,Nili-sell jana lakini sijui kama nimesema vizuri.
155,Greetings mix,"Hujambo! I am excited leo, na wewe?"
156,Shopping,Bei gani ya gari? It's too expensive kwa mimi.
157,Shopping,How much ni kofia? Naomba unipunguzie.
158,Locations,Is the station karibu au mbali? Sijui tofauti.
159,Greetings mix,"Hujambo! I am happy sana leo, na wewe?"
160,Greetings mix,"Mambo vipi? I'm doing okay kabisa, asante sana!"
161,Wants/Needs,Can I get yai? Sijui kama ni sahihi kusema hivi.
162,Learning/Classroom,"Nina swali kuhusu vivumishi, is now a good time?"
163,Wants/Needs,"Nataka kuku, tafadhali, do you have?"
164,Greetings mix,"Habari za asubuhi, teacher! Ni poa sana leo."
165,Actions/Verbs,Nili-wait jana lakini sijui kama nimesema vizuri.
166,Wants/Needs,Can I get kuku? Sijui kama ni sahihi kusema hivi.
167,Greetings mix,"Hujambo! I am fine leo, na wewe?"
168,Locations,Kijijini iko wapi? Is it far kutoka hapa?
169,Learning/Classroom,How do you say 'fish' kwa Kiswahili sahihi?
170,Locations,Where is begi? Sielewi jinsi ya kuuliza kwa usahihi.
171,Locations,Where is stesheni? Sielewi jinsi ya kuuliza kwa usahihi.
172,Shopping,How much ni yai? Naomba unipunguzie.
173,Locations,Hospitalini iko wapi? Is it far kutoka hapa?
174,Shopping,"Ninataka kununua chicken, do you accept mobile money?"
175,Greetings mix,"Mambo vipi? I'm doing excited, asante sana!"
176,Wants/Needs,"I want tea kidogo, unaweza kunisaidia?"
177,Locations,Where is msikiti? Sielewi jinsi ya kuuliza kwa usahihi.
178,Greetings mix,"Hujambo! I am okay kabisa leo, na wewe?"
179,Actions/Verbs,"Nita-clean kesho, is that sentensi sahihi?"
180,Greetings mix,"Habari za asubuhi, teacher! Ni okay kabisa sana leo."
181,Actions/Verbs,How do I say 'I want to travel' kwa usahihi?
182,Actions/Verbs,Nili-cook jana lakini sijui kama nimesema vizuri.
183,Shopping,How much ni viatu? Naomba unipunguzie.
184,Actions/Verbs,"Ninataka ku-drink ugali, sijui vitenzi vizuri."
185,Greetings mix,"Habari za asubuhi, teacher! Ni happy sana sana leo."
186,Small talk,"Napenda sana chakula cha Kitanzania, especially ugali!"
187,Learning/Classroom,How do you say 'egg' kwa Kiswahili sahihi?
188,Wants/Needs,"I want phone kidogo, unaweza kunisaidia?"
189,Shopping,Bei gani ya chumvi? It's too expensive kwa mimi.
190,Locations,"Nataka kwenda stendi, unaweza kunielekeza?"
191,Small talk,"Ninapenda kofia sana, I really like it too much!"
192,Wants/Needs,"Nataka supu, tafadhali, do you have?"
193,Wants/Needs,"Ninataka ku-buy chai, bei gani?"
194,Actions/Verbs,"Nita-close kesho, is that sentensi sahihi?"
195,Actions/Verbs,How do I say 'I want to know' kwa usahihi?
196,Shopping,How much ni ndizi? Naomba unipunguzie.
197,Greetings mix,"Hujambo! I am great leo, na wewe?"
198,Greetings mix,"Habari za asubuhi, teacher! Ni a bit tired sana leo."
199,Shopping,"Ninataka kununua meat, do you accept mobile money?"
200,Locations,Is the market karibu au mbali? Sijui tofauti.
201,Learning/Classroom,"Teacher, unaweza kunifundisha kuhusu mazungumzo ya sokoni?"
202,Actions/Verbs,Nili-wash jana lakini sijui kama nimesema vizuri.
203,Wants/Needs,"Nataka chakula, tafadhali, do you have?"
204,Wants/Needs,"I want towel kidogo, unaweza kunisaidia?"
205,Shopping,Bei gani ya mafuta? It's too expensive kwa mimi.
206,Shopping,"Ninataka kununua vegetables, do you accept mobile money?"
207,Small talk,"Napenda sana chakula cha Kitanzania, especially mkate!"
208,Greetings mix,"Mambo vipi? I'm doing happy sana, asante sana!"
209,Actions/Verbs,"Nita-sleep kesho, is that sentensi sahihi?"
210,Shopping,"Ninataka kununua watch, do you accept mobile money?"
211,Locations,Stesheni iko wapi? Is it far kutoka hapa?
212,Small talk,"Napenda sana chakula cha Kitanzania, especially nyanya!"
213,Learning/Classroom,"Nina swali kuhusu miezi ya mwaka, is now a good time?"
214,Wants/Needs,"I want soap kidogo, unaweza kunisaidia?"
215,Locations,"Nataka kwenda bandarini, unaweza kunielekeza?"
216,Small talk,"Weather leo ni nzuri, sivyo? Sina uhakika kama nasema sawa."
217,Actions/Verbs,"Ninataka ku-buy kofia, sijui vitenzi vizuri."
218,Wants/Needs,"Nataka nguo, tafadhali, do you have?"
219,Learning/Classroom,How do you say 'cooking oil' kwa Kiswahili sahihi?
220,Locations,"Nataka kwenda mkahawani, unaweza kunielekeza?"
221,Locations,How do I get to the field/airport? Tafadhali nisaidie kwa maneno sahihi.
222,Shopping,"Ninataka kununua hat, do you accept mobile money?"
223,Locations,Where is benki? Sielewi jinsi ya kuuliza kwa usahihi.
224,Greetings mix,"Mambo vipi? I'm doing nzuri, asante sana!"
225,Shopping,How much ni mafuta ya kupikia? Naomba unipunguzie.
226,Actions/Verbs,How do I say 'I want to work' kwa usahihi?
227,Actions/Verbs,"Nita-remember kesho, is that sentensi sahihi?"
228,Wants/Needs,"Ninataka ku-buy blanketi, bei gani?"
229,Actions/Verbs,"Nita-see kesho, is that sentensi sahihi?"
230,Small talk,"Ninapenda basi tiketi sana, I really like it too much!"
231,Actions/Verbs,Nili-eat jana lakini sijui kama nimesema vizuri.
232,Learning/Classroom,How do you say 'church' kwa Kiswahili sahihi?
233,Wants/Needs,"Ninataka ku-buy ndizi, bei gani?"
234,Locations,How do I get to the port? Tafadhali nisaidie kwa maneno sahihi.
235,Shopping,How much ni mboga? Naomba unipunguzie.
236,Wants/Needs,"Naomba rice, is that ok kusema hivyo?"
237,Transport,Nauli ni bei gani mpaka nyumbani? Please explain kwa taratibu.
238,Transport,Nauli ni bei gani mpaka kanisani? Please explain kwa taratibu.
239,Locations,Is town karibu au mbali? Sijui tofauti.
240,Actions/Verbs,"Ninataka ku-open chakula, sijui vitenzi vizuri."
241,Actions/Verbs,"Nita-buy kesho, is that sentensi sahihi?"
242,Wants/Needs,"I want sugar kidogo, unaweza kunisaidia?"
243,Wants/Needs,"Naomba fish, is that ok kusema hivyo?"
244,Locations,"Nataka kwenda nyumbani, unaweza kunielekeza?"
245,Wants/Needs,"I want car kidogo, unaweza kunisaidia?"
246,Greetings mix,"Habari za asubuhi, teacher! Ni good sana leo."
247,Actions/Verbs,"Nita-eat kesho, is that sentensi sahihi?"
248,Actions/Verbs,How do I say 'I want to understand' kwa usahihi?
249,Small talk,"Ninapenda nguo sana, I really like it too much!"
250,Actions/Verbs,How do I say 'I want to sing' kwa usahihi?
251,Locations,Is the office karibu au mbali? Sijui tofauti.
252,Actions/Verbs,"Ninataka ku-buy basi tiketi, sijui vitenzi vizuri."
253,Locations,Where is choo? Sielewi jinsi ya kuuliza kwa usahihi.
254,Wants/Needs,"Naomba trousers, is that ok kusema hivyo?"
255,Learning/Classroom,"Nina swali kuhusu salamu, is now a good time?"
256,Greetings mix,"Habari za asubuhi, teacher! Ni so so sana leo."
257,Actions/Verbs,Nili-clean jana lakini sijui kama nimesema vizuri.
258,Shopping,How much ni nguo? Naomba unipunguzie.
259,Actions/Verbs,How do I say 'I want to help' kwa usahihi?
260,Small talk,"Napenda sana chakula cha Kitanzania, especially chai!"
261,Wants/Needs,"Naomba bus ticket, is that ok kusema hivyo?"
262,Wants/Needs,Can I get wali? Sijui kama ni sahihi kusema hivi.
263,Shopping,How much ni sukari? Naomba unipunguzie.
264,Wants/Needs,Can I get blanketi? Sijui kama ni sahihi kusema hivi.
265,Learning/Classroom,"Nina swali kuhusu matamshi sahihi, is now a good time?"
266,Greetings mix,"Habari za asubuhi, teacher! Ni nzuri sana leo."
267,Actions/Verbs,Nili-walk jana lakini sijui kama nimesema vizuri.
268,Shopping,"Ninataka kununua pineapple, do you accept mobile money?"
269,Wants/Needs,"Nataka sabuni, tafadhali, do you have?"
270,Greetings mix,"Hujambo! I am a bit tired leo, na wewe?"
271,Learning/Classroom,"Nina swali kuhusu jinsi ya kuomba msaada, is now a good time?"
272,Learning/Classroom,"Nina swali kuhusu hali ya hewa, is now a good time?"
273,Learning/Classroom,How do you say 'towel' kwa Kiswahili sahihi?
274,Locations,Where is soko? Sielewi jinsi ya kuuliza kwa usahihi.
275,Wants/Needs,"Naomba bag, is that ok kusema hivyo?"
276,Actions/Verbs,"Nita-sell kesho, is that sentensi sahihi?"
277,Wants/Needs,"Naomba cooking oil, is that ok kusema hivyo?"
278,Wants/Needs,"Ninataka ku-buy yai, bei gani?"
279,Locations,Where is duka? Sielewi jinsi ya kuuliza kwa usahihi.
280,Actions/Verbs,"Ninataka ku-eat maji, sijui vitenzi vizuri."
281,Actions/Verbs,"Ninataka ku-pay for sabuni, sijui vitenzi vizuri."
282,Learning/Classroom,How do you say 'head' kwa Kiswahili sahihi?
283,Wants/Needs,Can I get kiti? Sijui kama ni sahihi kusema hivi.
284,Shopping,Bei gani ya shati? It's too expensive kwa mimi.
285,Wants/Needs,Can I get mafuta? Sijui kama ni sahihi kusema hivi.
286,Actions/Verbs,"Ninataka ku-open sabuni, sijui vitenzi vizuri."
287,Learning/Classroom,"Nina swali kuhusu maelekezo ya barabara, is now a good time?"
288,Wants/Needs,"I want mango kidogo, unaweza kunisaidia?"
289,Shopping,Bei gani ya mboga? It's too expensive kwa mimi.
290,Small talk,"Ninapenda kahawa sana, I really like it too much!"
291,Greetings mix,"Habari za asubuhi, teacher! Ni great sana leo."
292,Small talk,"Weather leo ni excited, sivyo? Sina uhakika kama nasema sawa."
293,Learning/Classroom,How do you say 'road' kwa Kiswahili sahihi?
294,Locations,Is the garden/park karibu au mbali? Sijui tofauti.
295,Locations,How do I get to the village? Tafadhali nisaidie kwa maneno sahihi.
296,Actions/Verbs,"Ninataka ku-wash viatu, sijui vitenzi vizuri."
297,Actions/Verbs,How do I say 'I want to run' kwa usahihi?
298,Wants/Needs,Can I get suruali? Sijui kama ni sahihi kusema hivi.
299,Shopping,Bei gani ya basi tiketi? It's too expensive kwa mimi.
300,Wants/Needs,"Naomba tomato, is that ok kusema hivyo?"
301,Learning/Classroom,"Teacher, unaweza kunifundisha kuhusu matamshi sahihi?"
302,Wants/Needs,"I want chair kidogo, unaweza kunisaidia?"
303,Wants/Needs,Can I get meza? Sijui kama ni sahihi kusema hivi.
304,Wants/Needs,"Nataka begi, tafadhali, do you have?"
305,Small talk,"Ninapenda supu sana, I really like it too much!"
306,Locations,How do I get to the bus station? Tafadhali nisaidie kwa maneno sahihi.
307,Actions/Verbs,Nili-know jana lakini sijui kama nimesema vizuri.
308,Locations,Sokoni iko wapi? Is it far kutoka hapa?
309,Small talk,"Ninapenda begi sana, I really like it too much!"
310,Greetings mix,"Mambo vipi? I'm doing a bit tired, asante sana!"
311,Actions/Verbs,Nili-forget jana lakini sijui kama nimesema vizuri.
312,Wants/Needs,Can I get chumvi? Sijui kama ni sahihi kusema hivi.
313,Actions/Verbs,"Ninataka ku-cook kahawa, sijui vitenzi vizuri."
314,Actions/Verbs,How do I say 'I want to wash' kwa usahihi?
315,Wants/Needs,Can I get ndizi? Sijui kama ni sahihi kusema hivi.
316,Locations,How do I get to the bank? Tafadhali nisaidie kwa maneno sahihi.
317,Shopping,"Ninataka kununua book, do you accept mobile money?"
318,Actions/Verbs,Nili-pay jana lakini sijui kama nimesema vizuri.
319,Shopping,Bei gani ya embe? It's too expensive kwa mimi.
320,Wants/Needs,"I want table kidogo, unaweza kunisaidia?"
321,Actions/Verbs,"Ninataka ku-drink mboga, sijui vitenzi vizuri."
322,Small talk,"Ninapenda yai sana, I really like it too much!"
323,Transport,Nauli ni bei gani mpaka kijijini? Please explain kwa taratibu.
324,Small talk,"Ninapenda kitabu sana, I really like it too much!"
325,Wants/Needs,Can I get sabuni? Sijui kama ni sahihi kusema hivi.
326,Actions/Verbs,"Ninataka ku-open saa, sijui vitenzi vizuri."
327,Transport,Nauli ni bei gani mpaka uwanjani? Please explain kwa taratibu.
328,Actions/Verbs,Nili-cry jana lakini sijui kama nimesema vizuri.
329,Learning/Classroom,How do you say 'house' kwa Kiswahili sahihi?
330,Shopping,How much ni simu? Naomba unipunguzie.
331,Wants/Needs,"Nataka kitabu, tafadhali, do you have?"
332,Small talk,"Napenda sana chakula cha Kitanzania, especially samaki!"
333,Actions/Verbs,"Nita-work kesho, is that sentensi sahihi?"
334,Shopping,"Ninataka kununua banana, do you accept mobile money?"
335,Shopping,"Ninataka kununua rice, do you accept mobile money?"
336,Wants/Needs,"I want book kidogo, unaweza kunisaidia?"
337,Wants/Needs,"I want food kidogo, unaweza kunisaidia?"
338,Actions/Verbs,"Ninataka ku-open chumvi, sijui vitenzi vizuri."
339,Wants/Needs,"Naomba food, is that ok kusema hivyo?"
340,Wants/Needs,"Ninataka ku-buy sabuni, bei gani?"
341,Wants/Needs,Can I get samaki? Sijui kama ni sahihi kusema hivi.
342,Wants/Needs,"Nataka chai, tafadhali, do you have?"
343,Shopping,Bei gani ya nanasi? It's too expensive kwa mimi.
344,Wants/Needs,"Ninataka ku-buy nyama, bei gani?"
345,Actions/Verbs,"Ninataka ku-sell meza, sijui vitenzi vizuri."
346,Locations,Where is kitabu? Sielewi jinsi ya kuuliza kwa usahihi.
347,Learning/Classroom,"Teacher, unaweza kunifundisha kuhusu namba?"
348,Learning/Classroom,"Nina swali kuhusu utamaduni wa Kitanzania, is now a good time?"
349,Actions/Verbs,How do I say 'I want to see' kwa usahihi?
350,Actions/Verbs,"Ninataka ku-close saa, sijui vitenzi vizuri."
351,Actions/Verbs,"Ninataka ku-cook supu, sijui vitenzi vizuri."
352,Actions/Verbs,"Nita-wash kesho, is that sentensi sahihi?"
353,Learning/Classroom,"Nina swali kuhusu vyakula vya Kitanzania, is now a good time?"
354,Transport,Nauli ni bei gani mpaka msikitini? Please explain kwa taratibu.
355,Shopping,Bei gani ya kahawa? It's too expensive kwa mimi.
356,Actions/Verbs,Nili-think jana lakini sijui kama nimesema vizuri.
357,Small talk,"Ninapenda chumvi sana, I really like it too much!"
358,Greetings mix,"Mambo vipi? I'm doing so so, asante sana!"
359,Actions/Verbs,"Nita-arrive kesho, is that sentensi sahihi?"
360,Learning/Classroom,"Teacher, unaweza kunifundisha kuhusu rangi?"
361,Locations,Where is simu? Sielewi jinsi ya kuuliza kwa usahihi.
362,Transport,Nauli ni bei gani mpaka bustanini? Please explain kwa taratibu.
363,Wants/Needs,"Naomba water, is that ok kusema hivyo?"
364,Wants/Needs,"Naomba book, is that ok kusema hivyo?"
365,Locations,Where is ofisi? Sielewi jinsi ya kuuliza kwa usahihi.
366,Greetings mix,"Hujambo! I am so so leo, na wewe?"
367,Locations,Chuoni iko wapi? Is it far kutoka hapa?
368,Actions/Verbs,"Ninataka ku-close mafuta ya kupikia, sijui vitenzi vizuri."
369,Shopping,"Ninataka kununua medicine, do you accept mobile money?"
370,Shopping,How much ni sabuni? Naomba unipunguzie.
371,Transport,Nauli ni bei gani mpaka chuoni? Please explain kwa taratibu.
372,Shopping,Bei gani ya yai? It's too expensive kwa mimi.
373,Actions/Verbs,How do I say 'I want to drink' kwa usahihi?
374,Actions/Verbs,"Ninataka ku-cook mboga, sijui vitenzi vizuri."
375,Locations,Ofisini iko wapi? Is it far kutoka hapa?
376,Small talk,"Ninapenda shati sana, I really like it too much!"
377,Greetings mix,"Mambo vipi? I'm doing good, asante sana!"
378,Locations,How do I get to the hotel? Tafadhali nisaidie kwa maneno sahihi.
379,Wants/Needs,"Ninataka ku-buy basi tiketi, bei gani?"
380,Wants/Needs,"Nataka yai, tafadhali, do you have?"
381,Small talk,"Ninapenda sukari sana, I really like it too much!"
382,Small talk,"Napenda sana chakula cha Kitanzania, especially ndizi!"
383,Shopping,How much ni kitabu? Naomba unipunguzie.
384,Wants/Needs,"Naomba soap, is that ok kusema hivyo?"
385,Wants/Needs,"Ninataka ku-buy kitabu, bei gani?"
386,Actions/Verbs,How do I say 'I want to sleep' kwa usahihi?
387,Shopping,Bei gani ya begi? It's too expensive kwa mimi.
388,Actions/Verbs,How do I say 'I want to love/like' kwa usahihi?
389,Locations,Stendi iko wapi? Is it far kutoka hapa?
390,Wants/Needs,"Naomba tea, is that ok kusema hivyo?"
391,Small talk,"Napenda sana chakula cha Kitanzania, especially kahawa!"
392,Small talk,"Ninapenda sabuni sana, I really like it too much!"
393,Actions/Verbs,"Ninataka ku-eat ndizi, sijui vitenzi vizuri."
394,Learning/Classroom,How do you say 'father' kwa Kiswahili sahihi?
395,Locations,"Nataka kwenda dukani, unaweza kunielekeza?"
396,Wants/Needs,Can I get kofia? Sijui kama ni sahihi kusema hivi.
397,Wants/Needs,"Naomba goat, is that ok kusema hivyo?"
398,Learning/Classroom,How do you say 'elephant' kwa Kiswahili sahihi?
399,Wants/Needs,"Nataka taulo, tafadhali, do you have?"
400,Shopping,Bei gani ya dawa? It's too expensive kwa mimi.
401,Small talk,"Weather leo ni okay kabisa, sivyo? Sina uhakika kama nasema sawa."
402,Small talk,"Napenda sana chakula cha Kitanzania, especially supu!"
403,Learning/Classroom,"Nina swali kuhusu vitenzi, is now a good time?"
404,Small talk,"Ninapenda blanketi sana, I really like it too much!"
405,Wants/Needs,Can I get shati? Sijui kama ni sahihi kusema hivi.
406,Actions/Verbs,Nili-arrive jana lakini sijui kama nimesema vizuri.
407,Shopping,How much ni mkate? Naomba unipunguzie.
408,Learning/Classroom,"Teacher, unaweza kunifundisha kuhusu vitenzi?"
409,Shopping,Bei gani ya mafuta ya kupikia? It's too expensive kwa mimi.
410,Shopping,"Ninataka kununua cooking oil, do you accept mobile money?"
411,Wants/Needs,"Naomba car, is that ok kusema hivyo?"
412,Wants/Needs,"Nataka nyama, tafadhali, do you have?"
413,Locations,How do I get to church? Tafadhali nisaidie kwa maneno sahihi.
414,Actions/Verbs,"Ninataka ku-sell kuku, sijui vitenzi vizuri."
415,Actions/Verbs,How do I say 'I want to arrive' kwa usahihi?
416,Wants/Needs,"Naomba meat, is that ok kusema hivyo?"
417,Locations,How do I get to the hospital? Tafadhali nisaidie kwa maneno sahihi.
418,Shopping,Bei gani ya suruali? It's too expensive kwa mimi.
419,Small talk,"Napenda sana chakula cha Kitanzania, especially maji!"
420,Small talk,"Napenda sana chakula cha Kitanzania, especially mboga!"
421,Learning/Classroom,How do you say 'pillow' kwa Kiswahili sahihi?
422,Locations,How do I get to the market? Tafadhali nisaidie kwa maneno sahihi.
423,Locations,Is the shop karibu au mbali? Sijui tofauti.
424,Shopping,Bei gani ya wali? It's too expensive kwa mimi.
425,Transport,Nauli ni bei gani mpaka bandarini? Please explain kwa taratibu.
426,Locations,Is school karibu au mbali? Sijui tofauti.
427,Locations,Is college karibu au mbali? Sijui tofauti.
428,Shopping,How much ni chai? Naomba unipunguzie.
429,Locations,Is the restaurant karibu au mbali? Sijui tofauti.
430,Actions/Verbs,"Ninataka ku-open mbuzi, sijui vitenzi vizuri."
431,Locations,How do I get to town? Tafadhali nisaidie kwa maneno sahihi.
432,Small talk,"Ninapenda kuku sana, I really like it too much!"
433,Learning/Classroom,How do you say 'hair' kwa Kiswahili sahihi?
434,Wants/Needs,"Nataka maji, tafadhali, do you have?"
435,Learning/Classroom,"Teacher, unaweza kunifundisha kuhusu miezi ya mwaka?"
436,Locations,"Nataka kwenda shuleni, unaweza kunielekeza?"
437,Wants/Needs,"Naomba blanket, is that ok kusema hivyo?"
438,Actions/Verbs,"Ninataka ku-cook chai, sijui vitenzi vizuri."
439,Learning/Classroom,"Nina swali kuhusu mazungumzo ya sokoni, is now a good time?"
440,Actions/Verbs,"Ninataka ku-buy kiti, sijui vitenzi vizuri."
441,Actions/Verbs,"Ninataka ku-open mkate, sijui vitenzi vizuri."
442,Wants/Needs,"Naomba banana, is that ok kusema hivyo?"
443,Wants/Needs,"Nataka kahawa, tafadhali, do you have?"
444,Actions/Verbs,"Ninataka ku-pay for taulo, sijui vitenzi vizuri."
445,Shopping,Bei gani ya chakula? It's too expensive kwa mimi.
446,Shopping,How much ni mbuzi? Naomba unipunguzie.
447,Wants/Needs,"Ninataka ku-buy gari, bei gani?"
448,Wants/Needs,"I want rice kidogo, unaweza kunisaidia?"
449,Actions/Verbs,"Ninataka ku-open chai, sijui vitenzi vizuri."
450,Learning/Classroom,How do you say 'water' kwa Kiswahili sahihi?
451,Transport,Nauli ni bei gani mpaka sokoni? Please explain kwa taratibu.
452,Learning/Classroom,How do you say 'driver' kwa Kiswahili sahihi?
453,Wants/Needs,Can I get viatu? Sijui kama ni sahihi kusema hivi.
454,Wants/Needs,"Naomba chicken, is that ok kusema hivyo?"
455,Locations,Is the port karibu au mbali? Sijui tofauti.
456,Actions/Verbs,How do I say 'I want to laugh' kwa usahihi?
457,Wants/Needs,"Nataka gari, tafadhali, do you have?"
458,Learning/Classroom,"Teacher, unaweza kunifundisha kuhusu jinsi ya kuomba msaada?"
459,Wants/Needs,"I want clothes kidogo, unaweza kunisaidia?"
460,Wants/Needs,"Ninataka ku-buy maji, bei gani?"
461,Locations,Ufukweni iko wapi? Is it far kutoka hapa?
462,Actions/Verbs,"Ninataka ku-eat mkate, sijui vitenzi vizuri."
463,Locations,Is the beach karibu au mbali? Sijui tofauti.
464,Locations,How do I get to college? Tafadhali nisaidie kwa maneno sahihi.
465,Locations,How do I get to the office? Tafadhali nisaidie kwa maneno sahihi.
466,Shopping,Bei gani ya nyanya? It's too expensive kwa mimi.
467,Wants/Needs,Can I get supu? Sijui kama ni sahihi kusema hivi.
468,Transport,Nauli ni bei gani mpaka ufukweni? Please explain kwa taratibu.
469,Wants/Needs,"Nataka samaki, tafadhali, do you have?"
470,Actions/Verbs,Nili-help jana lakini sijui kama nimesema vizuri.
471,Locations,Where is daktari? Sielewi jinsi ya kuuliza kwa usahihi.
472,Learning/Classroom,How do you say 'phone' kwa Kiswahili sahihi?
473,Transport,Nauli ni bei gani mpaka hospitalini? Please explain kwa taratibu.
474,Actions/Verbs,"Ninataka ku-cook kuku, sijui vitenzi vizuri."
475,Learning/Classroom,"Nina swali kuhusu familia, is now a good time?"
476,Shopping,Bei gani ya nguo? It's too expensive kwa mimi.
477,Locations,"Nataka kwenda mjini, unaweza kunielekeza?"
478,Learning/Classroom,How do you say 'window' kwa Kiswahili sahihi?
479,Shopping,How much ni dawa? Naomba unipunguzie.
480,Learning/Classroom,"Teacher, unaweza kunifundisha kuhusu siku za wiki?"
481,Wants/Needs,"I want fish kidogo, unaweza kunisaidia?"
482,Wants/Needs,"Naomba medicine, is that ok kusema hivyo?"
483,Shopping,Bei gani ya maji? It's too expensive kwa mimi.
484,Actions/Verbs,"Ninataka ku-wash mafuta, sijui vitenzi vizuri."
485,Actions/Verbs,Nili-run jana lakini sijui kama nimesema vizuri.
486,Small talk,"Ninapenda mboga sana, I really like it too much!"
487,Learning/Classroom,How do you say 'bank' kwa Kiswahili sahihi?
488,Small talk,"Weather leo ni a bit tired, sivyo? Sina uhakika kama nasema sawa."
489,Transport,Nauli ni bei gani mpaka stesheni? Please explain kwa taratibu.
490,Wants/Needs,"Ninataka ku-buy dawa, bei gani?"
491,Small talk,"Napenda sana chakula cha Kitanzania, especially nyama!"
492,Locations,Where is shule? Sielewi jinsi ya kuuliza kwa usahihi.
493,Wants/Needs,"I want pineapple kidogo, unaweza kunisaidia?"
494,Actions/Verbs,"Ninataka ku-sell embe, sijui vitenzi vizuri."
495,Locations,"Nataka kwenda bustanini, unaweza kunielekeza?"
496,Actions/Verbs,Nili-drink jana lakini sijui kama nimesema vizuri.
497,Shopping,Bei gani ya kiti? It's too expensive kwa mimi.
498,Locations,Hotelini iko wapi? Is it far kutoka hapa?
499,Locations,Is the mosque karibu au mbali? Sijui tofauti.
500,Actions/Verbs,How do I say 'I want to eat' kwa usahihi?
501,Shopping,"Ninataka kununua soap, do you accept mobile money?"
502,Actions/Verbs,"Ninataka ku-buy kiazi, sijui vitenzi vizuri."
503,Wants/Needs,"I want vegetables kidogo, unaweza kunisaidia?"
504,Wants/Needs,"Naomba salt, is that ok kusema hivyo?"
505,Actions/Verbs,"Ninataka ku-buy kuku, sijui vitenzi vizuri."
506,Small talk,"Ninapenda nanasi sana, I really like it too much!"
507,Wants/Needs,"Nataka mafuta ya kupikia, tafadhali, do you have?"
508,Shopping,"Ninataka kununua food, do you accept mobile money?"
509,Wants/Needs,"I want watch kidogo, unaweza kunisaidia?"
510,Locations,How do I get to the beach? Tafadhali nisaidie kwa maneno sahihi.
511,Actions/Verbs,How do I say 'I want to play' kwa usahihi?
512,Actions/Verbs,"Nita-speak kesho, is that sentensi sahihi?"
513,Wants/Needs,"Nataka nanasi, tafadhali, do you have?"
514,Small talk,"Napenda sana chakula cha Kitanzania, especially yai!"
515,Actions/Verbs,"Ninataka ku-wash sukari, sijui vitenzi vizuri."
516,Actions/Verbs,How do I say 'I want to remember' kwa usahihi?
517,Learning/Classroom,How do you say 'dog' kwa Kiswahili sahihi?
518,Locations,"Nataka kwenda chuoni, unaweza kunielekeza?"
519,Small talk,"Ninapenda viatu sana, I really like it too much!"
520,Actions/Verbs,"Ninataka ku-buy nanasi, sijui vitenzi vizuri."
521,Small talk,"Ninapenda kiazi sana, I really like it too much!"
522,Actions/Verbs,"Nita-read/study kesho, is that sentensi sahihi?"
523,Actions/Verbs,"Ninataka ku-buy blanketi, sijui vitenzi vizuri."
524,Greetings mix,"Hujambo! I am good leo, na wewe?"
525,Shopping,How much ni samaki? Naomba unipunguzie.
526,Learning/Classroom,How do you say 'meat' kwa Kiswahili sahihi?
527,Wants/Needs,"I want meat kidogo, unaweza kunisaidia?"
528,Small talk,"Weather leo ni so so, sivyo? Sina uhakika kama nasema sawa."
529,Locations,"Nataka kwenda kanisani, unaweza kunielekeza?"
530,Locations,How do I get to school? Tafadhali nisaidie kwa maneno sahihi.
531,Learning/Classroom,How do you say 'coffee' kwa Kiswahili sahihi?
532,Actions/Verbs,"Ninataka ku-sell taulo, sijui vitenzi vizuri."
533,Wants/Needs,"Ninataka ku-buy kahawa, bei gani?"
534,Small talk,"Weather leo ni great, sivyo? Sina uhakika kama nasema sawa."
535,Wants/Needs,"I want bread kidogo, unaweza kunisaidia?"
536,Wants/Needs,"I want coffee kidogo, unaweza kunisaidia?"
537,Learning/Classroom,How do you say 'heart' kwa Kiswahili sahihi?
538,Wants/Needs,"Nataka suruali, tafadhali, do you have?"
539,Greetings mix,"Mambo vipi? I'm doing great, asante sana!"
540,Learning/Classroom,"Teacher, unaweza kunifundisha kuhusu vyakula vya Kitanzania?"
541,Actions/Verbs,"Ninataka ku-sell kiti, sijui vitenzi vizuri."
542,Shopping,How much ni maji? Naomba unipunguzie.
543,Actions/Verbs,"Ninataka ku-wash ndizi, sijui vitenzi vizuri."
544,Locations,Dukani iko wapi? Is it far kutoka hapa?
545,Shopping,Bei gani ya kofia? It's too expensive kwa mimi.
546,Learning/Classroom,How do you say 'soap' kwa Kiswahili sahihi?
547,Wants/Needs,"Naomba chair, is that ok kusema hivyo?"
548,Shopping,"Ninataka kununua potato, do you accept mobile money?"
549,Learning/Classroom,How do you say 'teacher' kwa Kiswahili sahihi?
550,Actions/Verbs,How do I say 'I want to wait' kwa usahihi?
551,Shopping,Bei gani ya nyama? It's too expensive kwa mimi.
552,Locations,Kanisani iko wapi? Is it far kutoka hapa?
553,Actions/Verbs,Nili-travel jana lakini sijui kama nimesema vizuri.
554,Learning/Classroom,How do you say 'mosque' kwa Kiswahili sahihi?
555,Actions/Verbs,Nili-understand jana lakini sijui kama nimesema vizuri.
556,Wants/Needs,"I want water kidogo, unaweza kunisaidia?"
557,Actions/Verbs,"Ninataka ku-open embe, sijui vitenzi vizuri."
558,Actions/Verbs,"Nita-forget kesho, is that sentensi sahihi?"
559,Actions/Verbs,"Ninataka ku-sell mafuta ya kupikia, sijui vitenzi vizuri."
560,Shopping,"Ninataka kununua table, do you accept mobile money?"
561,Wants/Needs,"I want bag kidogo, unaweza kunisaidia?"
562,Locations,Is church karibu au mbali? Sijui tofauti.
563,Wants/Needs,"I want bus ticket kidogo, unaweza kunisaidia?"
564,Actions/Verbs,"Ninataka ku-pay for kuku, sijui vitenzi vizuri."
565,Shopping,Bei gani ya kuku? It's too expensive kwa mimi.
566,Shopping,How much ni kiti? Naomba unipunguzie.
567,Learning/Classroom,How do you say 'hotel' kwa Kiswahili sahihi?
568,Shopping,"Ninataka kununua bus ticket, do you accept mobile money?"
569,Locations,How do I get to the restaurant? Tafadhali nisaidie kwa maneno sahihi.
570,Wants/Needs,"Nataka basi tiketi, tafadhali, do you have?"
571,Actions/Verbs,"Nita-help kesho, is that sentensi sahihi?"
572,Locations,Bandarini iko wapi? Is it far kutoka hapa?
573,Wants/Needs,"Nataka wali, tafadhali, do you have?"
574,Actions/Verbs,How do I say 'I want to speak' kwa usahihi?
575,Wants/Needs,"Naomba egg, is that ok kusema hivyo?"
576,Small talk,"Napenda sana chakula cha Kitanzania, especially kiazi!"
577,Transport,Nauli ni bei gani mpaka hotelini? Please explain kwa taratibu.
578,Wants/Needs,"Ninataka ku-buy mkate, bei gani?"
579,Wants/Needs,Can I get gari? Sijui kama ni sahihi kusema hivi.
580,Shopping,How much ni embe? Naomba unipunguzie.
581,Shopping,Bei gani ya taulo? It's too expensive kwa mimi.
582,Small talk,"Ninapenda dawa sana, I really like it too much!"
583,Shopping,How much ni kuku? Naomba unipunguzie.
584,Shopping,"Ninataka kununua bread, do you accept mobile money?"
585,Actions/Verbs,Nili-write jana lakini sijui kama nimesema vizuri.
586,Actions/Verbs,How do I say 'I want to sell' kwa usahihi?
587,Shopping,"Ninataka kununua bag, do you accept mobile money?"
588,Actions/Verbs,Nili-sleep jana lakini sijui kama nimesema vizuri.
589,Actions/Verbs,Nili-laugh jana lakini sijui kama nimesema vizuri.
590,Locations,How do I get to the shop? Tafadhali nisaidie kwa maneno sahihi.
591,Locations,Bustanini iko wapi? Is it far kutoka hapa?
592,Shopping,Bei gani ya kitabu? It's too expensive kwa mimi.
593,Small talk,"Ninapenda simu sana, I really like it too much!"
594,Wants/Needs,"Nataka meza, tafadhali, do you have?"
595,Wants/Needs,"Nataka kiazi, tafadhali, do you have?"
596,Transport,Nauli ni bei gani mpaka ofisini? Please explain kwa taratibu.
597,Shopping,How much ni suruali? Naomba unipunguzie.
598,Shopping,How much ni mafuta? Naomba unipunguzie.
599,Wants/Needs,Can I get basi tiketi? Sijui kama ni sahihi kusema hivi.
600,Learning/Classroom,How do you say 'pineapple' kwa Kiswahili sahihi?
601,Small talk,"Ninapenda embe sana, I really like it too much!"
602,Locations,Is the field/airport karibu au mbali? Sijui tofauti.
603,Wants/Needs,Can I get mkate? Sijui kama ni sahihi kusema hivi.
604,Wants/Needs,"Naomba shirt, is that ok kusema hivyo?"
605,Learning/Classroom,How do you say 'bread' kwa Kiswahili sahihi?
606,Actions/Verbs,"Nita-know kesho, is that sentensi sahihi?"
607,Actions/Verbs,"Nita-pay kesho, is that sentensi sahihi?"
608,Wants/Needs,"I want tomato kidogo, unaweza kunisaidia?"
609,Wants/Needs,"I want egg kidogo, unaweza kunisaidia?"
610,Actions/Verbs,Nili-sing jana lakini sijui kama nimesema vizuri.
611,Wants/Needs,"Naomba hat, is that ok kusema hivyo?"
612,Wants/Needs,"Naomba pineapple, is that ok kusema hivyo?"
613,Wants/Needs,Can I get mafuta ya kupikia? Sijui kama ni sahihi kusema hivi.
614,Actions/Verbs,"Nita-sing kesho, is that sentensi sahihi?"
615,Actions/Verbs,"Nita-love/like kesho, is that sentensi sahihi?"
616,Wants/Needs,"Nataka viatu, tafadhali, do you have?"
617,Wants/Needs,Can I get nyanya? Sijui kama ni sahihi kusema hivi.
618,Shopping,"Ninataka kununua egg, do you accept mobile money?"
619,Small talk,"Ninapenda wali sana, I really like it too much!"
620,Actions/Verbs,"Ninataka ku-open gari, sijui vitenzi vizuri."
621,Learning/Classroom,How do you say 'farmer' kwa Kiswahili sahihi?
622,Shopping,How much ni saa? Naomba unipunguzie.
623,Shopping,How much ni shati? Naomba unipunguzie.
624,Actions/Verbs,How do I say 'I want to clean' kwa usahihi?
625,Learning/Classroom,How do you say 'month' kwa Kiswahili sahihi?
626,Wants/Needs,"Naomba coffee, is that ok kusema hivyo?"
627,Actions/Verbs,How do I say 'I want to read/study' kwa usahihi?
628,Shopping,"Ninataka kununua phone, do you accept mobile money?"
629,Actions/Verbs,Nili-remember jana lakini sijui kama nimesema vizuri.
630,Wants/Needs,"Nataka nyanya, tafadhali, do you have?"
631,Actions/Verbs,"Ninataka ku-buy meza, sijui vitenzi vizuri."
632,Learning/Classroom,How do you say 'clock/watch' kwa Kiswahili sahihi?
633,Wants/Needs,Can I get kahawa? Sijui kama ni sahihi kusema hivi.
634,Shopping,"Ninataka kununua trousers, do you accept mobile money?"
635,Wants/Needs,"Nataka chumvi, tafadhali, do you have?"
636,Actions/Verbs,"Ninataka ku-sell nguo, sijui vitenzi vizuri."
637,Actions/Verbs,"Ninataka ku-open blanketi, sijui vitenzi vizuri."
638,Learning/Classroom,How do you say 'child' kwa Kiswahili sahihi?
639,Shopping,Bei gani ya viatu? It's too expensive kwa mimi.
640,Wants/Needs,"Ninataka ku-buy embe, bei gani?"
641,Shopping,Bei gani ya chai? It's too expensive kwa mimi.
642,Shopping,"Ninataka kununua clothes, do you accept mobile money?"
643,Shopping,Bei gani ya kiazi? It's too expensive kwa mimi.
644,Actions/Verbs,"Ninataka ku-sell gari, sijui vitenzi vizuri."
645,Small talk,"Ninapenda maji sana, I really like it too much!"
646,Learning/Classroom,How do you say 'mountain' kwa Kiswahili sahihi?
647,Wants/Needs,"Ninataka ku-buy chakula, bei gani?"
648,Wants/Needs,"Ninataka ku-buy nyanya, bei gani?"
649,Actions/Verbs,"Ninataka ku-cook kiazi, sijui vitenzi vizuri."
650,Actions/Verbs,"Ninataka ku-pay for saa, sijui vitenzi vizuri."
651,Wants/Needs,"Nataka kofia, tafadhali, do you have?"
652,Actions/Verbs,How do I say 'I want to pay' kwa usahihi?
653,Learning/Classroom,How do you say 'hand' kwa Kiswahili sahihi?
654,Transport,Nauli ni bei gani mpaka stendi? Please explain kwa taratibu.
655,Small talk,"Ninapenda ndizi sana, I really like it too much!"
656,Wants/Needs,Can I get saa? Sijui kama ni sahihi kusema hivi.
657,Shopping,"Ninataka kununua shoes, do you accept mobile money?"
658,Actions/Verbs,"Nita-write kesho, is that sentensi sahihi?"
659,Shopping,"Ninataka kununua fish, do you accept mobile money?"
660,Wants/Needs,"Ninataka ku-buy samaki, bei gani?"
661,Wants/Needs,"Nataka simu, tafadhali, do you have?"
662,Wants/Needs,Can I get simu? Sijui kama ni sahihi kusema hivi.
663,Actions/Verbs,"Ninataka ku-pay for kitabu, sijui vitenzi vizuri."
664,Shopping,Bei gani ya ndizi? It's too expensive kwa mimi.
665,Actions/Verbs,"Nita-drink kesho, is that sentensi sahihi?"
666,Actions/Verbs,"Ninataka ku-close suruali, sijui vitenzi vizuri."
667,Small talk,"Ninapenda gari sana, I really like it too much!"
668,Wants/Needs,"Ninataka ku-buy kuku, bei gani?"
669,Learning/Classroom,How do you say 'school' kwa Kiswahili sahihi?
670,Wants/Needs,"Ninataka ku-buy nguo, bei gani?"
671,Locations,Nyumbani iko wapi? Is it far kutoka hapa?
672,Wants/Needs,Can I get taulo? Sijui kama ni sahihi kusema hivi.
673,Wants/Needs,"Naomba potato, is that ok kusema hivyo?"
674,Actions/Verbs,"Ninataka ku-cook ndizi, sijui vitenzi vizuri."
675,Locations,Where is hospitali? Sielewi jinsi ya kuuliza kwa usahihi.
676,Small talk,"Ninapenda mbuzi sana, I really like it too much!"
677,Shopping,"Ninataka kununua salt, do you accept mobile money?"
678,Shopping,How much ni taulo? Naomba unipunguzie.
679,Shopping,How much ni begi? Naomba unipunguzie.
680,Shopping,"Ninataka kununua chair, do you accept mobile money?"
681,Shopping,"Ninataka kununua tea, do you accept mobile money?"
682,Actions/Verbs,"Ninataka ku-cook mkate, sijui vitenzi vizuri."
683,Wants/Needs,"Naomba soup, is that ok kusema hivyo?"
684,Actions/Verbs,"Ninataka ku-buy mafuta ya kupikia, sijui vitenzi vizuri."
685,Locations,"Nataka kwenda benki, unaweza kunielekeza?"
686,Actions/Verbs,"Ninataka ku-close kofia, sijui vitenzi vizuri."
687,Wants/Needs,"Naomba phone, is that ok kusema hivyo?"
688,Shopping,How much ni supu? Naomba unipunguzie.
689,Wants/Needs,Can I get kiazi? Sijui kama ni sahihi kusema hivi.
690,Actions/Verbs,"Ninataka ku-buy gari, sijui vitenzi vizuri."
691,Learning/Classroom,How do you say 'friend' kwa Kiswahili sahihi?
692,Shopping,"Ninataka kununua coffee, do you accept mobile money?"
693,Wants/Needs,Can I get nanasi? Sijui kama ni sahihi kusema hivi.
694,Learning/Classroom,How do you say 'car' kwa Kiswahili sahihi?
695,Shopping,"Ninataka kununua blanket, do you accept mobile money?"
696,Wants/Needs,"I want shoes kidogo, unaweza kunisaidia?"
697,Learning/Classroom,How do you say 'hospital' kwa Kiswahili sahihi?
698,Actions/Verbs,"Ninataka ku-pay for begi, sijui vitenzi vizuri."
699,Shopping,How much ni chakula? Naomba unipunguzie.
700,Small talk,"Ninapenda saa sana, I really like it too much!"
701,Actions/Verbs,"Ninataka ku-eat nanasi, sijui vitenzi vizuri."
702,Wants/Needs,"Nataka mboga, tafadhali, do you have?"
703,Shopping,"Ninataka kununua water, do you accept mobile money?"
704,Wants/Needs,Can I get chakula? Sijui kama ni sahihi kusema hivi.
705,Actions/Verbs,"Ninataka ku-wash kahawa, sijui vitenzi vizuri."
706,Shopping,How much ni nyama? Naomba unipunguzie.
707,Learning/Classroom,How do you say 'chair' kwa Kiswahili sahihi?
708,Wants/Needs,"Ninataka ku-buy taulo, bei gani?"
709,Actions/Verbs,"Ninataka ku-close kiti, sijui vitenzi vizuri."
710,Small talk,"Ninapenda mafuta sana, I really like it too much!"
711,Wants/Needs,"Naomba clothes, is that ok kusema hivyo?"
712,Wants/Needs,"Nataka dawa, tafadhali, do you have?"
713,Actions/Verbs,"Ninataka ku-wash kitabu, sijui vitenzi vizuri."
714,Learning/Classroom,How do you say 'food' kwa Kiswahili sahihi?
715,Actions/Verbs,"Ninataka ku-sell maji, sijui vitenzi vizuri."
716,Actions/Verbs,"Ninataka ku-open mafuta ya kupikia, sijui vitenzi vizuri."
717,Actions/Verbs,How do I say 'I want to walk' kwa usahihi?
718,Shopping,"Ninataka kununua shirt, do you accept mobile money?"
719,Small talk,"Ninapenda chai sana, I really like it too much!"
720,Actions/Verbs,How do I say 'I want to want' kwa usahihi?
721,Actions/Verbs,"Ninataka ku-pay for samaki, sijui vitenzi vizuri."
722,Actions/Verbs,"Nita-cook kesho, is that sentensi sahihi?"
723,Small talk,"Ninapenda mafuta ya kupikia sana, I really like it too much!"
724,Actions/Verbs,How do I say 'I want to forget' kwa usahihi?
725,Shopping,How much ni meza? Naomba unipunguzie.
726,Actions/Verbs,"Ninataka ku-sell mkate, sijui vitenzi vizuri."
727,Actions/Verbs,"Ninataka ku-eat mboga, sijui vitenzi vizuri."
728,Actions/Verbs,"Ninataka ku-eat kahawa, sijui vitenzi vizuri."
729,Wants/Needs,"I want potato kidogo, unaweza kunisaidia?"
730,Actions/Verbs,"Ninataka ku-pay for viatu, sijui vitenzi vizuri."
731,Actions/Verbs,"Ninataka ku-buy saa, sijui vitenzi vizuri."
732,Actions/Verbs,"Ninataka ku-wash supu, sijui vitenzi vizuri."
733,Shopping,How much ni chumvi? Naomba unipunguzie.
734,Locations,"Nataka kwenda kijijini, unaweza kunielekeza?"
735,Wants/Needs,"Ninataka ku-buy mbuzi, bei gani?"
736,Wants/Needs,"Ninataka ku-buy suruali, bei gani?"
737,Wants/Needs,Can I get kitabu? Sijui kama ni sahihi kusema hivi.
738,Actions/Verbs,"Ninataka ku-sell nanasi, sijui vitenzi vizuri."
739,Wants/Needs,"Ninataka ku-buy mafuta, bei gani?"
740,Wants/Needs,Can I get maji? Sijui kama ni sahihi kusema hivi.
741,Small talk,"Ninapenda mkate sana, I really like it too much!"
742,Actions/Verbs,"Ninataka ku-wash nyama, sijui vitenzi vizuri."
743,Wants/Needs,"Ninataka ku-buy supu, bei gani?"
744,Learning/Classroom,How do you say 'year' kwa Kiswahili sahihi?
745,Learning/Classroom,How do you say 'police officer' kwa Kiswahili sahihi?
746,Actions/Verbs,How do I say 'I want to think' kwa usahihi?
747,Actions/Verbs,"Ninataka ku-eat supu, sijui vitenzi vizuri."
748,Actions/Verbs,"Ninataka ku-buy nyama, sijui vitenzi vizuri."
749,Actions/Verbs,"Ninataka ku-drink nyanya, sijui vitenzi vizuri."
750,Actions/Verbs,"Ninataka ku-open viatu, sijui vitenzi vizuri."
751,Wants/Needs,"I want shirt kidogo, unaweza kunisaidia?"
752,Actions/Verbs,Nili-play jana lakini sijui kama nimesema vizuri.
753,Small talk,"Ninapenda nyama sana, I really like it too much!"
754,Actions/Verbs,"Ninataka ku-sell chumvi, sijui vitenzi vizuri."
755,Wants/Needs,Can I get mbuzi? Sijui kama ni sahihi kusema hivi.
756,Actions/Verbs,"Ninataka ku-buy mkate, sijui vitenzi vizuri."
757,Learning/Classroom,How do you say 'table' kwa Kiswahili sahihi?
758,Wants/Needs,"Ninataka ku-buy shati, bei gani?"
759,Wants/Needs,"Naomba watch, is that ok kusema hivyo?"
760,Locations,Where is basi? Sielewi jinsi ya kuuliza kwa usahihi.
761,Actions/Verbs,"Nita-open kesho, is that sentensi sahihi?"
762,Actions/Verbs,"Ninataka ku-wash mboga, sijui vitenzi vizuri."
763,Actions/Verbs,"Ninataka ku-pay for chumvi, sijui vitenzi vizuri."
764,Actions/Verbs,"Ninataka ku-pay for supu, sijui vitenzi vizuri."
765,Actions/Verbs,"Ninataka ku-eat nyanya, sijui vitenzi vizuri."
766,Learning/Classroom,How do you say 'market' kwa Kiswahili sahihi?
767,Actions/Verbs,"Ninataka ku-wash mafuta ya kupikia, sijui vitenzi vizuri."
768,Learning/Classroom,How do you say 'chicken' kwa Kiswahili sahihi?
769,Actions/Verbs,"Nita-laugh kesho, is that sentensi sahihi?"
770,Actions/Verbs,"Ninataka ku-buy nyanya, sijui vitenzi vizuri."
771,Actions/Verbs,"Ninataka ku-cook samaki, sijui vitenzi vizuri."
772,Actions/Verbs,"Ninataka ku-wash begi, sijui vitenzi vizuri."
773,Actions/Verbs,"Ninataka ku-close simu, sijui vitenzi vizuri."
774,Wants/Needs,"Ninataka ku-buy kiti, bei gani?"
775,Wants/Needs,Can I get dawa? Sijui kama ni sahihi kusema hivi.
776,Actions/Verbs,"Ninataka ku-cook embe, sijui vitenzi vizuri."
777,Wants/Needs,Can I get chai? Sijui kama ni sahihi kusema hivi.
778,Actions/Verbs,Nili-speak jana lakini sijui kama nimesema vizuri.
779,Learning/Classroom,How do you say 'shoes' kwa Kiswahili sahihi?
780,Actions/Verbs,"Ninataka ku-buy yai, sijui vitenzi vizuri."
781,Wants/Needs,"Ninataka ku-buy kiazi, bei gani?"
782,Actions/Verbs,"Ninataka ku-sell basi tiketi, sijui vitenzi vizuri."
783,Actions/Verbs,"Ninataka ku-close mkate, sijui vitenzi vizuri."
784,Learning/Classroom,How do you say 'engineer' kwa Kiswahili sahihi?
785,Learning/Classroom,How do you say 'potato' kwa Kiswahili sahihi?
786,Learning/Classroom,How do you say 'key' kwa Kiswahili sahihi?
787,Locations,How do I get to the garden/park? Tafadhali nisaidie kwa maneno sahihi.
788,Actions/Verbs,"Ninataka ku-close yai, sijui vitenzi vizuri."
789,Locations,Msikitini iko wapi? Is it far kutoka hapa?
790,Learning/Classroom,How do you say 'mango' kwa Kiswahili sahihi?
791,Wants/Needs,"Ninataka ku-buy mafuta ya kupikia, bei gani?"
792,Actions/Verbs,Nili-buy jana lakini sijui kama nimesema vizuri.
793,Learning/Classroom,How do you say 'mother' kwa Kiswahili sahihi?
794,Learning/Classroom,How do you say 'cloud' kwa Kiswahili sahihi?
795,Actions/Verbs,"Ninataka ku-pay for nanasi, sijui vitenzi vizuri."
796,Learning/Classroom,How do you say 'wind' kwa Kiswahili sahihi?
797,Actions/Verbs,"Ninataka ku-close sabuni, sijui vitenzi vizuri."
798,Actions/Verbs,"Ninataka ku-sell ndizi, sijui vitenzi vizuri."
799,Actions/Verbs,"Ninataka ku-buy chai, sijui vitenzi vizuri."
800,Learning/Classroom,How do you say 'cat' kwa Kiswahili sahihi?
801,Locations,Uwanjani iko wapi? Is it far kutoka hapa?
802,Wants/Needs,"I want blanket kidogo, unaweza kunisaidia?"
803,Wants/Needs,Can I get sukari? Sijui kama ni sahihi kusema hivi.
804,Actions/Verbs,"Ninataka ku-wash embe, sijui vitenzi vizuri."
805,Actions/Verbs,"Ninataka ku-cook nyama, sijui vitenzi vizuri."
806,Wants/Needs,"Ninataka ku-buy mboga, bei gani?"
807,Wants/Needs,"Nataka blanketi, tafadhali, do you have?"
808,Actions/Verbs,"Ninataka ku-pay for chai, sijui vitenzi vizuri."
809,Actions/Verbs,"Ninataka ku-wash shati, sijui vitenzi vizuri."
810,Wants/Needs,"I want hat kidogo, unaweza kunisaidia?"
811,Learning/Classroom,How do you say 'salt' kwa Kiswahili sahihi?
812,Shopping,How much ni kahawa? Naomba unipunguzie.
813,Actions/Verbs,"Ninataka ku-wash dawa, sijui vitenzi vizuri."
814,Wants/Needs,"Ninataka ku-buy sukari, bei gani?"
815,Actions/Verbs,"Ninataka ku-sell shati, sijui vitenzi vizuri."
816,Actions/Verbs,"Ninataka ku-buy chumvi, sijui vitenzi vizuri."
817,Learning/Classroom,How do you say 'clothes' kwa Kiswahili sahihi?
818,Small talk,"Ninapenda taulo sana, I really like it too much!"
819,Actions/Verbs,"Ninataka ku-sell chakula, sijui vitenzi vizuri."
820,Wants/Needs,Can I get begi? Sijui kama ni sahihi kusema hivi.
821,Learning/Classroom,How do you say 'rain' kwa Kiswahili sahihi?
822,Shopping,How much ni wali? Naomba unipunguzie.
823,Actions/Verbs,"Ninataka ku-drink wali, sijui vitenzi vizuri."
824,Wants/Needs,"Nataka sukari, tafadhali, do you have?"
825,Shopping,How much ni basi tiketi? Naomba unipunguzie.
826,Learning/Classroom,How do you say 'loneliness' kwa Kiswahili sahihi?
827,Actions/Verbs,"Ninataka ku-pay for mafuta ya kupikia, sijui vitenzi vizuri."
828,Actions/Verbs,"Ninataka ku-cook yai, sijui vitenzi vizuri."
829,Actions/Verbs,Nili-open jana lakini sijui kama nimesema vizuri.
830,Actions/Verbs,"Nita-cry kesho, is that sentensi sahihi?"
831,Actions/Verbs,"Ninataka ku-close shati, sijui vitenzi vizuri."
832,Learning/Classroom,How do you say 'toilet' kwa Kiswahili sahihi?
833,Actions/Verbs,Nili-work jana lakini sijui kama nimesema vizuri.
834,Actions/Verbs,"Ninataka ku-buy mafuta, sijui vitenzi vizuri."
835,Actions/Verbs,"Ninataka ku-buy kitabu, sijui vitenzi vizuri."
836,Wants/Needs,"I want salt kidogo, unaweza kunisaidia?"
837,Actions/Verbs,"Ninataka ku-drink chai, sijui vitenzi vizuri."
838,Actions/Verbs,"Ninataka ku-eat wali, sijui vitenzi vizuri."
839,Learning/Classroom,How do you say 'hat' kwa Kiswahili sahihi?
840,Learning/Classroom,How do you say 'shop' kwa Kiswahili sahihi?
841,Learning/Classroom,How do you say 'soup' kwa Kiswahili sahihi?
842,Actions/Verbs,"Ninataka ku-sell dawa, sijui vitenzi vizuri."
843,Actions/Verbs,"Ninataka ku-wash meza, sijui vitenzi vizuri."
844,Actions/Verbs,"Ninataka ku-drink maji, sijui vitenzi vizuri."
845,Actions/Verbs,"Ninataka ku-buy samaki, sijui vitenzi vizuri."
846,Shopping,Bei gani ya saa? It's too expensive kwa mimi.
847,Wants/Needs,"Ninataka ku-buy nanasi, bei gani?"
848,Learning/Classroom,How do you say 'cow' kwa Kiswahili sahihi?
849,Wants/Needs,Can I get embe? Sijui kama ni sahihi kusema hivi.
850,Learning/Classroom,How do you say 'book' kwa Kiswahili sahihi?
851,Actions/Verbs,Nili-see jana lakini sijui kama nimesema vizuri.
852,Actions/Verbs,"Ninataka ku-close meza, sijui vitenzi vizuri."
853,Wants/Needs,Can I get mboga? Sijui kama ni sahihi kusema hivi.
854,Wants/Needs,"Naomba shoes, is that ok kusema hivyo?"
855,Wants/Needs,Can I get nyama? Sijui kama ni sahihi kusema hivi.
856,Wants/Needs,"Ninataka ku-buy chumvi, bei gani?"
857,Actions/Verbs,"Ninataka ku-open samaki, sijui vitenzi vizuri."
858,Actions/Verbs,"Ninataka ku-open kofia, sijui vitenzi vizuri."
859,Actions/Verbs,"Ninataka ku-wash kiti, sijui vitenzi vizuri."
860,Learning/Classroom,How do you say 'bird' kwa Kiswahili sahihi?
861,Learning/Classroom,How do you say 'door' kwa Kiswahili sahihi?
862,Actions/Verbs,"Ninataka ku-drink ndizi, sijui vitenzi vizuri."
863,Actions/Verbs,"Ninataka ku-pay for kahawa, sijui vitenzi vizuri."
864,Learning/Classroom,How do you say 'airport' kwa Kiswahili sahihi?
865,Actions/Verbs,"Ninataka ku-sell kitabu, sijui vitenzi vizuri."
866,Actions/Verbs,"Ninataka ku-buy dawa, sijui vitenzi vizuri."
867,Wants/Needs,"Nataka kiti, tafadhali, do you have?"
868,Learning/Classroom,How do you say 'tomato' kwa Kiswahili sahihi?
869,Actions/Verbs,"Ninataka ku-wash samaki, sijui vitenzi vizuri."
870,Learning/Classroom,How do you say 'bus' kwa Kiswahili sahihi?
871,Learning/Classroom,How do you say 'money' kwa Kiswahili sahihi?
872,Shopping,"Ninataka kununua mango, do you accept mobile money?"
873,Actions/Verbs,"Ninataka ku-close viatu, sijui vitenzi vizuri."
874,Small talk,"Ninapenda samaki sana, I really like it too much!"
875,Learning/Classroom,How do you say 'forest' kwa Kiswahili sahihi?
876,Actions/Verbs,"Ninataka ku-buy sabuni, sijui vitenzi vizuri."
877,Learning/Classroom,How do you say 'skin' kwa Kiswahili sahihi?
878,Shopping,"Ninataka kununua sugar, do you accept mobile money?"
879,Actions/Verbs,"Ninataka ku-drink nyama, sijui vitenzi vizuri."
880,Wants/Needs,"Naomba mango, is that ok kusema hivyo?"
881,Actions/Verbs,"Ninataka ku-sell mboga, sijui vitenzi vizuri."
882,Learning/Classroom,How do you say 'bag' kwa Kiswahili sahihi?
883,Learning/Classroom,How do you say 'office' kwa Kiswahili sahihi?
884,Actions/Verbs,"Ninataka ku-sell begi, sijui vitenzi vizuri."
885,Learning/Classroom,How do you say 'blanket' kwa Kiswahili sahihi?
886,Wants/Needs,"Ninataka ku-buy simu, bei gani?"
887,Wants/Needs,"Ninataka ku-buy begi, bei gani?"
888,Actions/Verbs,"Ninataka ku-sell sabuni, sijui vitenzi vizuri."
889,Actions/Verbs,"Ninataka ku-wash wali, sijui vitenzi vizuri."
890,Learning/Classroom,How do you say 'shirt' kwa Kiswahili sahihi?
891,Actions/Verbs,"Ninataka ku-eat kiazi, sijui vitenzi vizuri."
892,Actions/Verbs,"Ninataka ku-wash chakula, sijui vitenzi vizuri."
893,Actions/Verbs,"Ninataka ku-sell mbuzi, sijui vitenzi vizuri."
894,Actions/Verbs,"Ninataka ku-close embe, sijui vitenzi vizuri."
895,Actions/Verbs,"Ninataka ku-close sukari, sijui vitenzi vizuri."
896,Actions/Verbs,"Ninataka ku-wash maji, sijui vitenzi vizuri."
897,Actions/Verbs,"Ninataka ku-close taulo, sijui vitenzi vizuri."
898,Learning/Classroom,How do you say 'anger' kwa Kiswahili sahihi?
899,Shopping,"Ninataka kununua tomato, do you accept mobile money?"
900,Learning/Classroom,How do you say 'doctor' kwa Kiswahili sahihi?
901,Actions/Verbs,"Ninataka ku-close mafuta, sijui vitenzi vizuri."
902,Actions/Verbs,"Ninataka ku-open basi tiketi, sijui vitenzi vizuri."
903,Actions/Verbs,"Ninataka ku-drink samaki, sijui vitenzi vizuri."
904,Actions/Verbs,"Ninataka ku-wash saa, sijui vitenzi vizuri."
905,Actions/Verbs,"Ninataka ku-wash nanasi, sijui vitenzi vizuri."
906,Actions/Verbs,"Ninataka ku-buy wali, sijui vitenzi vizuri."
907,Actions/Verbs,"Ninataka ku-wash basi tiketi, sijui vitenzi vizuri."
908,Actions/Verbs,"Ninataka ku-sell suruali, sijui vitenzi vizuri."
909,Actions/Verbs,"Ninataka ku-drink yai, sijui vitenzi vizuri."
910,Actions/Verbs,"Ninataka ku-open simu, sijui vitenzi vizuri."
911,Actions/Verbs,"Ninataka ku-close mboga, sijui vitenzi vizuri."
912,Actions/Verbs,"Ninataka ku-close chumvi, sijui vitenzi vizuri."
913,Actions/Verbs,"Ninataka ku-pay for kiazi, sijui vitenzi vizuri."
914,Learning/Classroom,How do you say 'sugar' kwa Kiswahili sahihi?
915,Learning/Classroom,How do you say 'minute' kwa Kiswahili sahihi?
916,Actions/Verbs,"Ninataka ku-eat ugali, sijui vitenzi vizuri."
917,Actions/Verbs,"Ninataka ku-open nguo, sijui vitenzi vizuri."
918,Actions/Verbs,"Ninataka ku-buy nguo, sijui vitenzi vizuri."
919,Small talk,"Ninapenda chakula sana, I really like it too much!"
920,Actions/Verbs,"Ninataka ku-sell samaki, sijui vitenzi vizuri."
921,Actions/Verbs,"Ninataka ku-wash mkate, sijui vitenzi vizuri."
922,Shopping,"Ninataka kununua towel, do you accept mobile money?"
923,Learning/Classroom,How do you say 'week' kwa Kiswahili sahihi?
924,Actions/Verbs,"Ninataka ku-close ndizi, sijui vitenzi vizuri."
925,Actions/Verbs,"Ninataka ku-open kitabu, sijui vitenzi vizuri."
926,Wants/Needs,"Nataka ndizi, tafadhali, do you have?"
927,Actions/Verbs,"Ninataka ku-open nyama, sijui vitenzi vizuri."
928,Actions/Verbs,"Ninataka ku-close kiazi, sijui vitenzi vizuri."
929,Learning/Classroom,How do you say 'banana' kwa Kiswahili sahihi?
930,Actions/Verbs,"Ninataka ku-wash taulo, sijui vitenzi vizuri."
931,Actions/Verbs,"Ninataka ku-pay for mkate, sijui vitenzi vizuri."
932,Actions/Verbs,"Ninataka ku-wash blanketi, sijui vitenzi vizuri."
933,Learning/Classroom,How do you say 'happiness' kwa Kiswahili sahihi?
934,Learning/Classroom,How do you say 'rice' kwa Kiswahili sahihi?
935,Actions/Verbs,"Ninataka ku-eat yai, sijui vitenzi vizuri."
936,Actions/Verbs,"Ninataka ku-open kahawa, sijui vitenzi vizuri."
937,Actions/Verbs,"Ninataka ku-open mboga, sijui vitenzi vizuri."
938,Actions/Verbs,"Ninataka ku-cook wali, sijui vitenzi vizuri."
939,Actions/Verbs,"Ninataka ku-drink embe, sijui vitenzi vizuri."
940,Learning/Classroom,How do you say 'sun' kwa Kiswahili sahihi?
941,Actions/Verbs,"Ninataka ku-pay for kiti, sijui vitenzi vizuri."
942,Actions/Verbs,"Ninataka ku-sell supu, sijui vitenzi vizuri."
943,Actions/Verbs,"Ninataka ku-close basi tiketi, sijui vitenzi vizuri."
944,Actions/Verbs,"Ninataka ku-close begi, sijui vitenzi vizuri."
945,Learning/Classroom,How do you say 'eye' kwa Kiswahili sahihi?
946,Actions/Verbs,"Ninataka ku-pay for meza, sijui vitenzi vizuri."
947,Learning/Classroom,How do you say 'tea' kwa Kiswahili sahihi?
948,Actions/Verbs,"Ninataka ku-close wali, sijui vitenzi vizuri."
949,Actions/Verbs,"Ninataka ku-eat kuku, sijui vitenzi vizuri."
950,Actions/Verbs,"Ninataka ku-drink mkate, sijui vitenzi vizuri."
951,Learning/Classroom,How do you say 'lion' kwa Kiswahili sahihi?
952,Actions/Verbs,"Ninataka ku-open yai, sijui vitenzi vizuri."
953,Actions/Verbs,"Ninataka ku-pay for embe, sijui vitenzi vizuri."
954,Learning/Classroom,How do you say 'stomach' kwa Kiswahili sahihi?
955,Learning/Classroom,How do you say 'river' kwa Kiswahili sahihi?
956,Actions/Verbs,"Ninataka ku-cook ugali, sijui vitenzi vizuri."
957,Actions/Verbs,"Ninataka ku-eat embe, sijui vitenzi vizuri."
958,Actions/Verbs,"Ninataka ku-drink nanasi, sijui vitenzi vizuri."
959,Actions/Verbs,"Ninataka ku-pay for yai, sijui vitenzi vizuri."
960,Actions/Verbs,"Ninataka ku-pay for mboga, sijui vitenzi vizuri."
961,Actions/Verbs,"Ninataka ku-pay for mbuzi, sijui vitenzi vizuri."
962,Actions/Verbs,"Ninataka ku-sell sukari, sijui vitenzi vizuri."
963,Actions/Verbs,"Ninataka ku-wash chai, sijui vitenzi vizuri."
964,Actions/Verbs,"Ninataka ku-open begi, sijui vitenzi vizuri."
965,Actions/Verbs,"Ninataka ku-wash nguo, sijui vitenzi vizuri."
966,Actions/Verbs,"Ninataka ku-wash kuku, sijui vitenzi vizuri."
967,Actions/Verbs,"Ninataka ku-pay for dawa, sijui vitenzi vizuri."
968,Actions/Verbs,"Ninataka ku-wash chumvi, sijui vitenzi vizuri."
969,Actions/Verbs,"Ninataka ku-wash mbuzi, sijui vitenzi vizuri."
970,Actions/Verbs,"Ninataka ku-buy suruali, sijui vitenzi vizuri."
971,Actions/Verbs,"Ninataka ku-open dawa, sijui vitenzi vizuri."
972,Actions/Verbs,"Ninataka ku-wash gari, sijui vitenzi vizuri."
973,Actions/Verbs,"Ninataka ku-buy embe, sijui vitenzi vizuri."
974,Actions/Verbs,"Ninataka ku-sell wali, sijui vitenzi vizuri."
975,Actions/Verbs,"Ninataka ku-buy supu, sijui vitenzi vizuri."
976,Actions/Verbs,"Ninataka ku-sell kahawa, sijui vitenzi vizuri."
977,Actions/Verbs,"Ninataka ku-cook nyanya, sijui vitenzi vizuri."
978,Actions/Verbs,"Ninataka ku-drink kahawa, sijui vitenzi vizuri."
979,Actions/Verbs,"Ninataka ku-pay for kofia, sijui vitenzi vizuri."
980,Actions/Verbs,"Ninataka ku-cook nanasi, sijui vitenzi vizuri."
981,Actions/Verbs,"Ninataka ku-sell mafuta, sijui vitenzi vizuri."
982,Actions/Verbs,"Ninataka ku-sell viatu, sijui vitenzi vizuri."
983,Actions/Verbs,"Ninataka ku-buy ndizi, sijui vitenzi vizuri."
984,Actions/Verbs,"Ninataka ku-wash suruali, sijui vitenzi vizuri."
985,Actions/Verbs,"Ninataka ku-buy viatu, sijui vitenzi vizuri."
986,Actions/Verbs,"Ninataka ku-wash kofia, sijui vitenzi vizuri."
987,Actions/Verbs,"Ninataka ku-buy kahawa, sijui vitenzi vizuri."
988,Actions/Verbs,"Ninataka ku-pay for blanketi, sijui vitenzi vizuri."
989,Actions/Verbs,"Ninataka ku-pay for sukari, sijui vitenzi vizuri."
990,Actions/Verbs,"Ninataka ku-eat samaki, sijui vitenzi vizuri."
991,Actions/Verbs,"Ninataka ku-buy sukari, sijui vitenzi vizuri."
992,Actions/Verbs,"Ninataka ku-pay for gari, sijui vitenzi vizuri."
993,Actions/Verbs,"Ninataka ku-wash sabuni, sijui vitenzi vizuri."
994,Actions/Verbs,"Ninataka ku-close nyanya, sijui vitenzi vizuri."
995,Learning/Classroom,How do you say 'leg' kwa Kiswahili sahihi?
996,Actions/Verbs,"Ninataka ku-pay for maji, sijui vitenzi vizuri."
997,Actions/Verbs,"Ninataka ku-buy mbuzi, sijui vitenzi vizuri."
998,Actions/Verbs,"Ninataka ku-close gari, sijui vitenzi vizuri."
999,Actions/Verbs,"Ninataka ku-open supu, sijui vitenzi vizuri."
1000,Learning/Classroom,How do you say 'cook' kwa Kiswahili sahihi?
